{"doc_lengths": {"hu/HU-HU-01.md": 55, "hu/HU-HU-02.md": 50, "hu/HU-HU-03.md": 49, "hu/HU-HU-04.md": 45, "hu/HU-HU-05.md": 43, "hu/HU-HU-06.md": 41, "hu/HU-HU-07.md": 47, "hu/HU-HU-08.md": 37, "hu/HU-HU-09.md": 36, "hu/HU-HU-10.md": 42, "hu/HU-HU-11.md": 47, "hu/HU-HU-12.md": 40, "hu/HU-HU-13.md": 43, "hu/HU-HU-14.md": 40, "hu/HU-HU-15.md": 41, "hu/HU-HU-16.md": 40, "hu/HU-HU-17.md": 38, "hu/HU-HU-18.md": 45, "hu/HU-HU-19.md": 40, "hu/HU-HU-20.md": 41, "hu/HU-HU-21.md": 27, "hu/HU-HU-22.md": 25, "hu/HU-HU-23.md": 26, "hu/HU-HU-24.md": 46}, "avgdl": 41.0, "idf": {"crear": 2.8134107167600364, "la": 0.3566749439387324, "estructura": 2.8134107167600364, "base": 2.8134107167600364, "del": 1.7147984280919266, "proyecto": 1.9661128563728327, "#": 0.02020270731751947, "inicializar": 2.8134107167600364, "el": 0.6931471805599453, "repositorio": 2.8134107167600364, "y": 1.07880966137193, "de": 0.19845093872383823, "aplicaci\u00f3n": 2.302585092994046, "para": 0.02020270731751947, "comenzar": 2.8134107167600364, "desarrollo": 2.8134107167600364, "manera": 2.302585092994046, "organizada.": 2.8134107167600364, "##": 0.1508228897345837, "acceptance": 0.1508228897345837, "criteria": 0.1508228897345837, "-": 0.1508228897345837, "existe": 1.07880966137193, "un": 2.302585092994046, "github": 1.9661128563728327, "una": 1.9661128563728327, "carpetas": 2.8134107167600364, "definida": 2.8134107167600364, "puede": 2.8134107167600364, "ejecutarse": 2.8134107167600364, "localmente": 2.8134107167600364, "readme": 2.8134107167600364, "inicial": 2.302585092994046, "configurar": 2.8134107167600364, "despliegue": 2.8134107167600364, "autom\u00e1tico": 2.8134107167600364, "que": 2.302585092994046, "se": 0.4155154439616658, "autom\u00e1ticamente": 2.8134107167600364, "al": 2.8134107167600364, "realizar": 2.8134107167600364, "cambios": 2.8134107167600364, "simplificar": 2.8134107167600364, "publicaci\u00f3n": 2.8134107167600364, "portfolio.": 2.8134107167600364, "integraci\u00f3n": 2.8134107167600364, "con": 2.302585092994046, "cada": 1.9661128563728327, "push": 2.8134107167600364, "a": 1.2039728043259361, "rama": 2.8134107167600364, "principal": 2.8134107167600364, "genera": 2.8134107167600364, "queda": 2.8134107167600364, "accesible": 2.302585092994046, "mediante": 2.8134107167600364, "url": 2.8134107167600364, "p\u00fablica": 2.8134107167600364, "mostrar": 0.7765287894989963, "presentaci\u00f3n": 2.8134107167600364, "profesional": 1.7147984280919266, "como": 0.10536051565782635, "visitante": 0.10536051565782635, "quiero": 0.10536051565782635, "ver": 2.302585092994046, "introducci\u00f3n": 2.8134107167600364, "florencia": 2.8134107167600364, "gonz\u00e1lez": 2.8134107167600364, "conocer": 1.2039728043259361, "r\u00e1pidamente": 1.9661128563728327, "qui\u00e9n": 2.8134107167600364, "es.": 2.8134107167600364, "muestra": 1.5141277326297755, "nombre": 1.9661128563728327, "completo": 2.302585092994046, "carrera": 2.302585092994046, "especializaci\u00f3n": 2.8134107167600364, "incluye": 2.8134107167600364, "fotograf\u00eda": 2.8134107167600364, "o": 2.8134107167600364, "avatar": 2.8134107167600364, "breve": 2.8134107167600364, "descripci\u00f3n": 2.302585092994046, "indicadores": 2.8134107167600364, "destacados": 2.302585092994046, "visualizar": 0.9675840262617057, "logros": 2.302585092994046, "relevantes": 2.302585092994046, "comprender": 1.3470736479666094, "perfil": 2.8134107167600364, "profesional.": 2.8134107167600364, "muestran": 1.2039728043259361, "premios": 2.302585092994046, "a\u00f1os": 2.8134107167600364, "experiencia": 1.3470736479666094, "proyectos": 1.7147984280919266, "los": 1.5141277326297755, "datos": 2.302585092994046, "son": 2.302585092994046, "visibles": 2.8134107167600364, "en": 1.5141277326297755, "dispositivos": 2.302585092994046, "m\u00f3viles": 2.302585092994046, "navegar": 2.302585092994046, "entre": 2.302585092994046, "secciones": 2.8134107167600364, "acceder": 1.5141277326297755, "f\u00e1cilmente": 2.8134107167600364, "todas": 2.8134107167600364, "las": 1.5141277326297755, "sitio": 1.9661128563728327, "encontrar": 2.8134107167600364, "informaci\u00f3n": 1.07880966137193, "r\u00e1pida.": 2.8134107167600364, "men\u00fa": 2.8134107167600364, "navegaci\u00f3n": 2.302585092994046, "funciona": 2.8134107167600364, "correctamente": 1.9661128563728327, "scroll": 2.8134107167600364, "suave": 2.8134107167600364, "laboral": 2.8134107167600364, "consultar": 2.302585092994046, "candidata": 2.302585092994046, "evaluar": 1.5141277326297755, "su": 2.8134107167600364, "trayectoria.": 2.8134107167600364, "cargos": 2.8134107167600364, "organizaciones": 2.8134107167600364, "per\u00edodos": 2.8134107167600364, "describen": 2.302585092994046, "responsabilidades": 2.8134107167600364, "principales": 2.302585092994046, "investigaci\u00f3n": 2.302585092994046, "acad\u00e9mica": 1.9661128563728327, "capacidades": 2.302585092994046, "t\u00e9cnicas": 2.302585092994046, "candidata.": 1.3470736479666094, "rol": 2.302585092994046, "desempe\u00f1ado": 2.302585092994046, "resultados": 1.9661128563728327, "obtenidos": 1.9661128563728327, "formaci\u00f3n": 2.8134107167600364, "universitaria": 2.8134107167600364, "validar": 2.8134107167600364, "nivel": 2.302585092994046, "educativo.": 2.8134107167600364, "universidad": 2.8134107167600364, "fecha": 2.302585092994046, "estimada": 2.8134107167600364, "graduaci\u00f3n": 2.8134107167600364, "certificaciones": 2.8134107167600364, "obtenidas": 2.302585092994046, "conocimientos": 2.8134107167600364, "complementarios.": 2.8134107167600364, "certificaci\u00f3n": 2.8134107167600364, "entidad": 2.8134107167600364, "emisora": 2.8134107167600364, "obtenci\u00f3n": 2.8134107167600364, "stack": 2.8134107167600364, "tecnol\u00f3gico": 2.8134107167600364, "tecnolog\u00edas": 1.9661128563728327, "dominadas": 2.8134107167600364, "por": 2.8134107167600364, "compatibilidad": 2.8134107167600364, "t\u00e9cnica.": 2.302585092994046, "lenguajes": 2.8134107167600364, "frameworks": 2.8134107167600364, "herramientas": 2.8134107167600364, "bases": 2.8134107167600364, "competencias": 1.9661128563728327, "identificar": 2.8134107167600364, "fortalezas": 2.8134107167600364, "mejor": 2.8134107167600364, "presentan": 2.8134107167600364, "categor\u00edas": 2.8134107167600364, "habilidades": 2.8134107167600364, "utilizan": 2.8134107167600364, "elementos": 2.8134107167600364, "visuales": 2.8134107167600364, "diferenciarlas": 2.8134107167600364, "es": 1.7147984280919266, "f\u00e1cil": 2.8134107167600364, "interpretar": 2.8134107167600364, "explorar": 2.8134107167600364, "realizados": 2.8134107167600364, "pr\u00e1ctica.": 2.8134107167600364, "tiene": 2.8134107167600364, "utilizadas": 2.8134107167600364, "incluyen": 2.8134107167600364, "enlaces": 2.302585092994046, "detalles": 2.8134107167600364, "ampliada": 2.8134107167600364, "alcance": 2.8134107167600364, "trabajo": 2.8134107167600364, "realizado.": 2.8134107167600364, "vista": 2.8134107167600364, "detallada": 2.8134107167600364, "funcionalidades": 2.8134107167600364, "reconocimientos": 2.8134107167600364, "desempe\u00f1o": 2.8134107167600364, "destacado": 2.8134107167600364, "posiciones": 2.8134107167600364, "participaci\u00f3n": 2.8134107167600364, "eventos": 2.8134107167600364, "tecnol\u00f3gicos": 2.8134107167600364, "valorar": 2.8134107167600364, "competitiva.": 2.8134107167600364, "alcanzados": 2.8134107167600364, "medios": 2.8134107167600364, "contacto": 2.8134107167600364, "comunicarme": 2.8134107167600364, "correo": 2.8134107167600364, "electr\u00f3nico": 2.8134107167600364, "linkedin": 2.8134107167600364, "funcionan": 2.8134107167600364, "descargar": 2.8134107167600364, "cv": 2.8134107167600364, "pdf": 2.8134107167600364, "curr\u00edculum": 2.8134107167600364, "revisarlo": 2.8134107167600364, "posteriormente.": 2.8134107167600364, "bot\u00f3n": 2.8134107167600364, "descarga": 2.8134107167600364, "archivo": 2.8134107167600364, "contiene": 2.8134107167600364, "actualizada": 2.8134107167600364, "adaptar": 2.8134107167600364,