{"doc_lengths": {"hu/HU-HU-01.md": 55, "hu/HU-HU-02.md": 50, "hu/HU-HU-03.md": 49, "hu/HU-HU-04.md": 45, "hu/HU-HU-05.md": 43, "hu/HU-HU-06.md": 41, "hu/HU-HU-07.md": 47, "hu/HU-HU-08.md": 37, "hu/HU-HU-09.md": 36, "hu/HU-HU-10.md": 42, "hu/HU-HU-11.md": 47, "hu/HU-HU-12.md": 40, "hu/HU-HU-13.md": 43, "hu/HU-HU-14.md": 40, "hu/HU-HU-15.md": 41, "hu/HU-HU-16.md": 40, "hu/HU-HU-17.md": 38, "hu/HU-HU-18.md": 45, "hu/HU-HU-19.md": 40, "hu/HU-HU-20.md": 41, "hu/HU-HU-21.md": 27, "hu/HU-HU-22.md": 25, "hu/HU-HU-23.md": 26, "hu/HU-HU-24.md": 46, "sessions/2026-06-04_migracion-html-nextjs.md": 343}, "avgdl": 53.08, "idf": {"crear": 2.8526314299133175, "la": 0.34032580593720296, "estructura": 2.8526314299133175, "base": 2.8526314299133175, "del": 1.5533484457830566, "proyecto": 2.005333569526114, "#": 0.059423420470800806, "inicializar": 2.8526314299133175, "el": 0.6554068525770983, "repositorio": 2.8526314299133175, "y": 1.0068047394149868, "de": 0.19004360288786487, "aplicaci\u00f3n": 2.341805806147327, "para": 0.019418085857101516, "comenzar": 2.8526314299133175, "desarrollo": 2.8526314299133175, "manera": 2.341805806147327, "organizada.": 2.8526314299133175, "##": 0.1445812288111075, "acceptance": 0.19004360288786487, "criteria": 0.19004360288786487, "-": 0.1445812288111075, "existe": 1.1180303745252111, "un": 2.341805806147327, "github": 2.005333569526114, "una": 2.005333569526114, "carpetas": 2.8526314299133175, "definida": 2.8526314299133175, "puede": 2.8526314299133175, "ejecutarse": 2.8526314299133175, "localmente": 2.8526314299133175, "readme": 2.8526314299133175, "inicial": 2.341805806147327, "configurar": 2.8526314299133175, "despliegue": 2.8526314299133175, "autom\u00e1tico": 2.8526314299133175, "que": 2.005333569526114, "se": 0.3958956570920137, "autom\u00e1ticamente": 2.8526314299133175, "al": 2.8526314299133175, "realizar": 2.8526314299133175, "cambios": 2.8526314299133175, "simplificar": 2.8526314299133175, "publicaci\u00f3n": 2.8526314299133175, "portfolio.": 2.8526314299133175, "integraci\u00f3n": 2.8526314299133175, "con": 2.341805806147327, "cada": 2.005333569526114, "push": 2.8526314299133175, "a": 1.1180303745252111, "rama": 2.8526314299133175, "principal": 2.8526314299133175, "genera": 2.8526314299133175, "queda": 2.8526314299133175, "accesible": 2.341805806147327, "mediante": 2.8526314299133175, "url": 2.8526314299133175, "p\u00fablica": 2.8526314299133175, "mostrar": 0.8157495026522777, "presentaci\u00f3n": 2.8526314299133175, "profesional": 1.754019141245208, "como": 0.10109611687136881, "visitante": 0.1445812288111075, "quiero": 0.1445812288111075, "ver": 2.341805806147327, "introducci\u00f3n": 2.8526314299133175, "florencia": 2.341805806147327, "gonz\u00e1lez": 2.8526314299133175, "conocer": 1.2431935174792172, "r\u00e1pidamente": 2.005333569526114, "qui\u00e9n": 2.8526314299133175, "es.": 2.8526314299133175, "muestra": 1.5533484457830566, "nombre": 2.005333569526114, "completo": 2.341805806147327, "carrera": 2.341805806147327, "especializaci\u00f3n": 2.8526314299133175, "incluye": 2.8526314299133175, "fotograf\u00eda": 2.8526314299133175, "o": 2.8526314299133175, "avatar": 2.8526314299133175, "breve": 2.8526314299133175, "descripci\u00f3n": 2.341805806147327, "indicadores": 2.8526314299133175, "destacados": 2.341805806147327, "visualizar": 1.0068047394149868, "logros": 2.341805806147327, "relevantes": 2.341805806147327, "comprender": 1.3862943611198906, "perfil": 2.8526314299133175, "profesional.": 2.8526314299133175, "muestran": 1.2431935174792172, "premios": 2.341805806147327, "a\u00f1os": 2.8526314299133175, "experiencia": 1.3862943611198906, "proyectos": 1.5533484457830566, "los": 1.3862943611198906, "datos": 2.005333569526114, "son": 2.341805806147327, "visibles": 2.8526314299133175, "en": 1.3862943611198906, "dispositivos": 2.341805806147327, "m\u00f3viles": 2.341805806147327, "navegar": 2.341805806147327, "entre": 2.341805806147327, "secciones": 2.341805806147327, "acceder": 1.5533484457830566, "f\u00e1cilmente": 2.8526314299133175, "todas": 2.8526314299133175, "las": 1.5533484457830566, "sitio": 2.005333569526114, "encontrar": 2.8526314299133175, "informaci\u00f3n": 1.1180303745252111, "r\u00e1pida.": 2.8526314299133175, "men\u00fa": 2.8526314299133175, "navegaci\u00f3n": 2.341805806147327, "funciona": 2.8526314299133175, "correctamente": 2.005333569526114, "scroll": 2.341805806147327, "suave": 2.8526314299133175, "laboral": 2.8526314299133175, "consultar": 2.341805806147327, "candidata": 2.341805806147327, "evaluar": 1.5533484457830566, "su": 2.341805806147327, "trayectoria.": 2.8526314299133175, "cargos": 2.8526314299133175, "organizaciones": 2.8526314299133175, "per\u00edodos": 2.8526314299133175, "describen": 2.341805806147327, "responsabilidades": 2.8526314299133175, "principales": 2.341805806147327, "investigaci\u00f3n": 2.341805806147327, "acad\u00e9mica": 2.005333569526114, "capacidades": 2.341805806147327, "t\u00e9cnicas": 2.341805806147327, "candidata.": 1.3862943611198906, "rol": 2.341805806147327, "desempe\u00f1ado": 2.341805806147327, "resultados": 2.005333569526114, "obtenidos": 2.005333569526114, "formaci\u00f3n": 2.8526314299133175, "universitaria": 2.8526314299133175, "validar": 2.8526314299133175, "nivel": 2.341805806147327, "educativo.": 2.8526314299133175, "universidad": 2.8526314299133175, "fecha": 2.341805806147327, "estimada": 2.8526314299133175, "graduaci\u00f3n": 2.8526314299133175, "certificaciones": 2.8526314299133175, "obtenidas": 2.341805806147327, "conocimientos": 2.8526314299133175, "complementarios.": 2.8526314299133175, "certificaci\u00f3n": 2.8526314299133175, "entidad": 2.8526314299133175, "emisora": 2.8526314299133175, "obtenci\u00f3n": 2.8526314299133175, "stack": 2.8526314299133175, "tecnol\u00f3gico": 2.8526314299133175, "tecnolog\u00edas": 2.005333569526114, "dominadas": 2.8526314299133175, "por": 2.341805806147327, "compatibilidad": 2.8526314299133175, "t\u00e9cnica.": 2.341805806147327, "lenguajes": 2.8526314299133175, "frameworks": 2.8526314299133175, "herramientas": 2.8526314299133175, "bases": 2.8526314299133175, "competencias": 2.005333569526114, "identificar": 2.8526314299133175, "fortalezas": 2.8526314299133175, "mejor": 2.8526314299133175, "presentan": 2.8526314299133175, "categor\u00edas": 2.8526314299133175, "habilidades": 2.8526314299133175, "utilizan": 2.8526314299133175, "elementos": 2.8526314299133175, "visuales": 2.8526314299133175, "diferenciarlas": 2.8526314299133175, "es": 1.754019141245208, "f\u00e1cil": 2.8526314299133175, "interpretar": 2.8526314299133175, "explorar": 2.8526314299133175, "realizados": 2.8526314299133175, "pr\u00e1ctica.": 2.8526314299133175, "tiene": 2.8526314299133175, "utilizadas": 2.8526314299133175, "incluyen": 2.8526314299133175, "enlaces": 2.341805806147327, "detalles": 2.8526314299133175, "ampliada": 2.8526314299133175, "alcance": 2.8526314299133175, "trabajo": 2.8526314299133175, "realizado.": 2.8526314299133175, "vista": 2.8526314299133175, "detallada": 2.8526314299133175, "funcionalidades": 2.8526314299133175, "reconocimientos": 2.8526314299133175, "desempe\u00f1o": 2.8526314299133175, "destacado": 2.8526314299133175, "posiciones": 2.8526314299133175, "participaci\u00f3n": 2.8526314299133175, "eventos": 2.8526314299133175, "tecnol\u00f3gicos": 2.8526314299133175, "valorar": 2.8526314299133175, "competitiva.": 2.8526314299133175, "alcanzados": 2.8526314299133175, "medios": 2.8526314299133175, "contacto": 2.8526314299133175, "comunicarme": 2.8526314299133175, "correo": 2.8526314299133175, "electr\u00f3nico": 2.8526314299133175, "linkedin": 2.8526314299133175, "funcionan": 2.8526314299133175, "descargar": 2.8526314299133175, "cv": 2.341805806147327, "pdf": 2.8526314299133175, "curr\u00edculum": 2.8526314299133175, "revisarlo": 2.8526314299133175, "posteriormente.": 2.8526314299133175, "bot\u00f3n": 2.8526314299133175, "descarga": 2.8526314299133175, "archivo": 2.341805806147327, "contiene": 2.8526314299133175,